Pipeline,MAP
"No Stop, No Stem",0.5350044288548753
"With Stop, No Stem",0.49191787131519277
"No Stop, With Stem",0.45787037037037037
"With Stop, With Stem",0.45064070767195763
